company_id,year,cfo_sign,cfi_sign,cff_sign,pattern_label
COMP01,2010,+,-,-,Shareholder Returns
COMP01,2011,+,-,-,Shareholder Returns
COMP01,2012,+,-,-,Shareholder Returns
COMP01,2013,+,-,-,Shareholder Returns
COMP01,2014,+,-,-,Shareholder Returns
COMP01,2015,+,-,-,Shareholder Returns
COMP01,2016,+,-,-,Shareholder Returns
COMP01,2017,+,-,-,Shareholder Returns
COMP01,2018,+,-,-,Shareholder Returns
COMP01,2019,+,-,-,Shareholder Returns
COMP01,2020,+,-,-,Shareholder Returns
COMP01,2021,+,-,-,Shareholder Returns
COMP01,2022,+,-,-,Shareholder Returns
COMP01,2023,+,-,-,Shareholder Returns
COMP02,2010,+,-,-,Shareholder Returns
COMP02,2011,+,-,-,Shareholder Returns
COMP02,2012,+,-,-,Shareholder Returns
COMP02,2013,+,-,-,Shareholder Returns
COMP02,2014,+,-,-,Shareholder Returns
COMP02,2015,+,-,-,Shareholder Returns
COMP02,2016,+,-,-,Shareholder Returns
COMP02,2017,+,-,-,Shareholder Returns
COMP02,2018,+,-,-,Shareholder Returns
COMP02,2019,+,-,-,Shareholder Returns
COMP02,2020,+,-,-,Shareholder Returns
COMP02,2021,+,-,-,Shareholder Returns
COMP02,2022,+,-,-,Shareholder Returns
COMP02,2023,+,-,-,Shareholder Returns
COMP03,2010,+,-,-,Shareholder Returns
COMP03,2011,+,-,-,Shareholder Returns
COMP03,2012,+,-,-,Shareholder Returns
COMP03,2013,+,-,-,Shareholder Returns
COMP03,2014,+,-,-,Shareholder Returns
COMP03,2015,+,-,-,Shareholder Returns
COMP03,2016,+,-,-,Shareholder Returns
COMP03,2017,+,-,-,Shareholder Returns
COMP03,2018,+,-,-,Shareholder Returns
COMP03,2019,+,-,-,Shareholder Returns
COMP03,2020,+,-,-,Shareholder Returns
COMP03,2021,+,-,-,Shareholder Returns
COMP03,2022,+,-,-,Shareholder Returns
COMP03,2023,+,-,-,Shareholder Returns
COMP04,2010,+,-,-,Shareholder Returns
COMP04,2011,+,-,-,Shareholder Returns
COMP04,2012,+,-,-,Shareholder Returns
COMP04,2013,+,-,-,Shareholder Returns
COMP04,2014,+,-,-,Shareholder Returns
COMP04,2015,+,-,-,Shareholder Returns
COMP04,2016,+,-,-,Shareholder Returns
COMP04,2017,+,-,-,Shareholder Returns
COMP04,2018,+,-,-,Shareholder Returns
COMP04,2019,+,-,-,Shareholder Returns
COMP04,2020,+,-,-,Shareholder Returns
COMP04,2021,+,-,-,Shareholder Returns
COMP04,2022,+,-,-,Shareholder Returns
COMP04,2023,+,-,-,Shareholder Returns
COMP05,2010,+,-,-,Shareholder Returns
COMP05,2011,+,-,-,Shareholder Returns
COMP05,2012,+,-,-,Shareholder Returns
COMP05,2013,+,-,-,Shareholder Returns
COMP05,2014,+,-,-,Shareholder Returns
COMP05,2015,+,-,-,Shareholder Returns
COMP05,2016,+,-,-,Shareholder Returns
COMP05,2017,+,-,-,Shareholder Returns
COMP05,2018,+,-,-,Shareholder Returns
COMP05,2019,+,-,-,Shareholder Returns
COMP05,2020,+,-,-,Shareholder Returns
COMP05,2021,+,-,-,Shareholder Returns
COMP05,2022,+,-,-,Shareholder Returns
COMP05,2023,+,-,-,Shareholder Returns
COMP06,2010,+,-,-,Shareholder Returns
COMP06,2011,+,-,-,Shareholder Returns
COMP06,2012,+,-,-,Shareholder Returns
COMP06,2013,+,-,-,Shareholder Returns
COMP06,2014,+,-,-,Shareholder Returns
COMP06,2015,+,-,-,Shareholder Returns
COMP06,2016,+,-,-,Shareholder Returns
COMP06,2017,+,-,-,Shareholder Returns
COMP06,2018,+,-,-,Shareholder Returns
COMP06,2019,+,-,-,Shareholder Returns
COMP06,2020,+,-,-,Shareholder Returns
COMP06,2021,+,-,-,Shareholder Returns
COMP06,2022,+,-,-,Shareholder Returns
COMP06,2023,+,-,-,Shareholder Returns
COMP07,2010,+,-,-,Shareholder Returns
COMP07,2011,+,-,-,Shareholder Returns
COMP07,2012,+,-,-,Shareholder Returns
COMP07,2013,+,-,-,Shareholder Returns
COMP07,2014,+,-,-,Shareholder Returns
COMP07,2015,+,-,-,Shareholder Returns
COMP07,2016,+,-,-,Shareholder Returns
COMP07,2017,+,-,-,Shareholder Returns
COMP07,2018,+,-,-,Shareholder Returns
COMP07,2019,+,-,-,Shareholder Returns
COMP07,2020,+,-,-,Shareholder Returns
COMP07,2021,+,-,-,Shareholder Returns
COMP07,2022,+,-,-,Shareholder Returns
COMP07,2023,+,-,-,Shareholder Returns
COMP08,2010,+,-,-,Shareholder Returns
COMP08,2011,+,-,-,Shareholder Returns
COMP08,2012,+,-,-,Shareholder Returns
COMP08,2013,+,-,-,Shareholder Returns
COMP08,2014,+,-,-,Shareholder Returns
COMP08,2015,+,-,-,Shareholder Returns
COMP08,2016,+,-,-,Shareholder Returns
COMP08,2017,+,-,-,Shareholder Returns
COMP08,2018,+,-,-,Shareholder Returns
COMP08,2019,+,-,-,Shareholder Returns
COMP08,2020,+,-,-,Shareholder Returns
COMP08,2021,+,-,-,Shareholder Returns
COMP08,2022,+,-,-,Shareholder Returns
COMP08,2023,+,-,-,Shareholder Returns
COMP09,2010,+,-,-,Shareholder Returns
COMP09,2011,+,-,-,Shareholder Returns
COMP09,2012,+,-,-,Shareholder Returns
COMP09,2013,+,-,-,Shareholder Returns
COMP09,2014,+,-,-,Shareholder Returns
COMP09,2015,+,-,-,Shareholder Returns
COMP09,2016,+,-,-,Shareholder Returns
COMP09,2017,+,-,-,Shareholder Returns
COMP09,2018,+,-,-,Shareholder Returns
COMP09,2019,+,-,-,Shareholder Returns
COMP09,2020,+,-,-,Shareholder Returns
COMP09,2021,+,-,-,Shareholder Returns
COMP09,2022,+,-,-,Shareholder Returns
COMP09,2023,+,-,-,Shareholder Returns
COMP10,2010,+,-,-,Shareholder Returns
COMP10,2011,+,-,-,Shareholder Returns
COMP10,2012,+,-,-,Shareholder Returns
COMP10,2013,+,-,-,Shareholder Returns
COMP10,2014,+,-,-,Shareholder Returns
COMP10,2015,+,-,-,Shareholder Returns
COMP10,2016,+,-,-,Shareholder Returns
COMP10,2017,+,-,-,Shareholder Returns
COMP10,2018,+,-,-,Shareholder Returns
COMP10,2019,+,-,-,Shareholder Returns
COMP10,2020,+,-,-,Shareholder Returns
COMP10,2021,+,-,-,Shareholder Returns
COMP10,2022,+,-,-,Shareholder Returns
COMP10,2023,+,-,-,Shareholder Returns
COMP11,2010,+,-,-,Shareholder Returns
COMP11,2011,+,-,-,Shareholder Returns
COMP11,2012,+,-,-,Shareholder Returns
COMP11,2013,+,-,-,Shareholder Returns
COMP11,2014,+,-,-,Shareholder Returns
COMP11,2015,+,-,-,Shareholder Returns
COMP11,2016,+,-,-,Shareholder Returns
COMP11,2017,+,-,-,Shareholder Returns
COMP11,2018,+,-,-,Shareholder Returns
COMP11,2019,+,-,-,Shareholder Returns
COMP11,2020,+,-,-,Shareholder Returns
COMP11,2021,+,-,-,Shareholder Returns
COMP11,2022,+,-,-,Shareholder Returns
COMP11,2023,+,-,-,Shareholder Returns
COMP12,2010,+,-,-,Shareholder Returns
COMP12,2011,+,-,-,Shareholder Returns
COMP12,2012,+,-,-,Shareholder Returns
COMP12,2013,+,-,-,Shareholder Returns
COMP12,2014,+,-,-,Shareholder Returns
COMP12,2015,+,-,-,Shareholder Returns
COMP12,2016,+,-,-,Shareholder Returns
COMP12,2017,+,-,-,Shareholder Returns
COMP12,2018,+,-,-,Shareholder Returns
COMP12,2019,+,-,-,Shareholder Returns
COMP12,2020,+,-,-,Shareholder Returns
COMP12,2021,+,-,-,Shareholder Returns
COMP12,2022,+,-,-,Shareholder Returns
COMP12,2023,+,-,-,Shareholder Returns
COMP13,2010,+,-,-,Shareholder Returns
COMP13,2011,+,-,-,Shareholder Returns
COMP13,2012,+,-,-,Shareholder Returns
COMP13,2013,+,-,-,Shareholder Returns
COMP13,2014,+,-,-,Shareholder Returns
COMP13,2015,+,-,-,Shareholder Returns
COMP13,2016,+,-,-,Shareholder Returns
COMP13,2017,+,-,-,Shareholder Returns
COMP13,2018,+,-,-,Shareholder Returns
COMP13,2019,+,-,-,Shareholder Returns
COMP13,2020,+,-,-,Shareholder Returns
COMP13,2021,+,-,-,Shareholder Returns
COMP13,2022,+,-,-,Shareholder Returns
COMP13,2023,+,-,-,Shareholder Returns
COMP14,2010,+,-,-,Shareholder Returns
COMP14,2011,+,-,-,Shareholder Returns
COMP14,2012,+,-,-,Shareholder Returns
COMP14,2013,+,-,-,Shareholder Returns
COMP14,2014,+,-,-,Shareholder Returns
COMP14,2015,+,-,-,Shareholder Returns
COMP14,2016,+,-,-,Shareholder Returns
COMP14,2017,+,-,-,Shareholder Returns
COMP14,2018,+,-,-,Shareholder Returns
COMP14,2019,+,-,-,Shareholder Returns
COMP14,2020,+,-,-,Shareholder Returns
COMP14,2021,+,-,-,Shareholder Returns
COMP14,2022,+,-,-,Shareholder Returns
COMP14,2023,+,-,-,Shareholder Returns
COMP15,2010,+,-,-,Shareholder Returns
COMP15,2011,+,-,-,Shareholder Returns
COMP15,2012,+,-,-,Shareholder Returns
COMP15,2013,+,-,-,Shareholder Returns
COMP15,2014,+,-,-,Shareholder Returns
COMP15,2015,+,-,-,Shareholder Returns
COMP15,2016,+,-,-,Shareholder Returns
COMP15,2017,+,-,-,Shareholder Returns
COMP15,2018,+,-,-,Shareholder Returns
COMP15,2019,+,-,-,Shareholder Returns
COMP15,2020,+,-,-,Shareholder Returns
COMP15,2021,+,-,-,Shareholder Returns
COMP15,2022,+,-,-,Shareholder Returns
COMP15,2023,+,-,-,Shareholder Returns
COMP16,2010,+,-,-,Shareholder Returns
COMP16,2011,+,-,-,Shareholder Returns
COMP16,2012,+,-,-,Shareholder Returns
COMP16,2013,+,-,-,Shareholder Returns
COMP16,2014,+,-,-,Shareholder Returns
COMP16,2015,+,-,-,Shareholder Returns
COMP16,2016,+,-,-,Shareholder Returns
COMP16,2017,+,-,-,Shareholder Returns
COMP16,2018,+,-,-,Shareholder Returns
COMP16,2019,+,-,-,Shareholder Returns
COMP16,2020,+,-,-,Shareholder Returns
COMP16,2021,+,-,-,Shareholder Returns
COMP16,2022,+,-,-,Shareholder Returns
COMP16,2023,+,-,-,Shareholder Returns
COMP17,2010,+,-,-,Shareholder Returns
COMP17,2011,+,-,-,Shareholder Returns
COMP17,2012,+,-,-,Shareholder Returns
COMP17,2013,+,-,-,Shareholder Returns
COMP17,2014,+,-,-,Shareholder Returns
COMP17,2015,+,-,-,Shareholder Returns
COMP17,2016,+,-,-,Shareholder Returns
COMP17,2017,+,-,-,Shareholder Returns
COMP17,2018,+,-,-,Shareholder Returns
COMP17,2019,+,-,-,Shareholder Returns
COMP17,2020,+,-,-,Shareholder Returns
COMP17,2021,+,-,-,Shareholder Returns
COMP17,2022,+,-,-,Shareholder Returns
COMP17,2023,+,-,-,Shareholder Returns
COMP18,2010,+,-,-,Shareholder Returns
COMP18,2011,+,-,-,Shareholder Returns
COMP18,2012,+,-,-,Shareholder Returns
COMP18,2013,+,-,-,Shareholder Returns
COMP18,2014,+,-,-,Shareholder Returns
COMP18,2015,+,-,-,Shareholder Returns
COMP18,2016,+,-,-,Shareholder Returns
COMP18,2017,+,-,-,Shareholder Returns
COMP18,2018,+,-,-,Shareholder Returns
COMP18,2019,+,-,-,Shareholder Returns
COMP18,2020,+,-,-,Shareholder Returns
COMP18,2021,+,-,-,Shareholder Returns
COMP18,2022,+,-,-,Shareholder Returns
COMP18,2023,+,-,-,Shareholder Returns
COMP19,2010,+,-,-,Shareholder Returns
COMP19,2011,+,-,-,Shareholder Returns
COMP19,2012,+,-,-,Shareholder Returns
COMP19,2013,+,-,-,Shareholder Returns
COMP19,2014,+,-,-,Shareholder Returns
COMP19,2015,+,-,-,Shareholder Returns
COMP19,2016,+,-,-,Shareholder Returns
COMP19,2017,+,-,-,Shareholder Returns
COMP19,2018,+,-,-,Shareholder Returns
COMP19,2019,+,-,-,Shareholder Returns
COMP19,2020,+,-,-,Shareholder Returns
COMP19,2021,+,-,-,Shareholder Returns
COMP19,2022,+,-,-,Shareholder Returns
COMP19,2023,+,-,-,Shareholder Returns
COMP20,2010,+,-,-,Shareholder Returns
COMP20,2011,+,-,-,Shareholder Returns
COMP20,2012,+,-,-,Shareholder Returns
COMP20,2013,+,-,-,Shareholder Returns
COMP20,2014,+,-,-,Shareholder Returns
COMP20,2015,+,-,-,Shareholder Returns
COMP20,2016,+,-,-,Shareholder Returns
COMP20,2017,+,-,-,Shareholder Returns
COMP20,2018,+,-,-,Shareholder Returns
COMP20,2019,+,-,-,Shareholder Returns
COMP20,2020,+,-,-,Shareholder Returns
COMP20,2021,+,-,-,Shareholder Returns
COMP20,2022,+,-,-,Shareholder Returns
COMP20,2023,+,-,-,Shareholder Returns
COMP21,2010,+,-,-,Shareholder Returns
COMP21,2011,+,-,-,Shareholder Returns
COMP21,2012,+,-,-,Shareholder Returns
COMP21,2013,+,-,-,Shareholder Returns
COMP21,2014,+,-,-,Shareholder Returns
COMP21,2015,+,-,-,Shareholder Returns
COMP21,2016,+,-,-,Shareholder Returns
COMP21,2017,+,-,-,Shareholder Returns
COMP21,2018,+,-,-,Shareholder Returns
COMP21,2019,+,-,-,Shareholder Returns
COMP21,2020,+,-,-,Shareholder Returns
COMP21,2021,+,-,-,Shareholder Returns
COMP21,2022,+,-,-,Shareholder Returns
COMP21,2023,+,-,-,Shareholder Returns
COMP22,2010,+,-,-,Shareholder Returns
COMP22,2011,+,-,-,Shareholder Returns
COMP22,2012,+,-,-,Shareholder Returns
COMP22,2013,+,-,-,Shareholder Returns
COMP22,2014,+,-,-,Shareholder Returns
COMP22,2015,+,-,-,Shareholder Returns
COMP22,2016,+,-,-,Shareholder Returns
COMP22,2017,+,-,-,Shareholder Returns
COMP22,2018,+,-,-,Shareholder Returns
COMP22,2019,+,-,-,Shareholder Returns
COMP22,2020,+,-,-,Shareholder Returns
COMP22,2021,+,-,-,Shareholder Returns
COMP22,2022,+,-,-,Shareholder Returns
COMP22,2023,+,-,-,Shareholder Returns
COMP23,2010,+,-,-,Shareholder Returns
COMP23,2011,+,-,-,Shareholder Returns
COMP23,2012,+,-,-,Shareholder Returns
COMP23,2013,+,-,-,Shareholder Returns
COMP23,2014,+,-,-,Shareholder Returns
COMP23,2015,+,-,-,Shareholder Returns
COMP23,2016,+,-,-,Shareholder Returns
COMP23,2017,+,-,-,Shareholder Returns
COMP23,2018,+,-,-,Shareholder Returns
COMP23,2019,+,-,-,Shareholder Returns
COMP23,2020,+,-,-,Shareholder Returns
COMP23,2021,+,-,-,Shareholder Returns
COMP23,2022,+,-,-,Shareholder Returns
COMP23,2023,+,-,-,Shareholder Returns
COMP24,2010,+,-,-,Shareholder Returns
COMP24,2011,+,-,-,Shareholder Returns
COMP24,2012,+,-,-,Shareholder Returns
COMP24,2013,+,-,-,Shareholder Returns
COMP24,2014,+,-,-,Shareholder Returns
COMP24,2015,+,-,-,Shareholder Returns
COMP24,2016,+,-,-,Shareholder Returns
COMP24,2017,+,-,-,Shareholder Returns
COMP24,2018,+,-,-,Shareholder Returns
COMP24,2019,+,-,-,Shareholder Returns
COMP24,2020,+,-,-,Shareholder Returns
COMP24,2021,+,-,-,Shareholder Returns
COMP24,2022,+,-,-,Shareholder Returns
COMP24,2023,+,-,-,Shareholder Returns
COMP25,2010,+,-,-,Shareholder Returns
COMP25,2011,+,-,-,Shareholder Returns
COMP25,2012,+,-,-,Shareholder Returns
COMP25,2013,+,-,-,Shareholder Returns
COMP25,2014,+,-,-,Shareholder Returns
COMP25,2015,+,-,-,Shareholder Returns
COMP25,2016,+,-,-,Shareholder Returns
COMP25,2017,+,-,-,Shareholder Returns
COMP25,2018,+,-,-,Shareholder Returns
COMP25,2019,+,-,-,Shareholder Returns
COMP25,2020,+,-,-,Shareholder Returns
COMP25,2021,+,-,-,Shareholder Returns
COMP25,2022,+,-,-,Shareholder Returns
COMP25,2023,+,-,-,Shareholder Returns
COMP26,2010,+,-,-,Shareholder Returns
COMP26,2011,+,-,-,Shareholder Returns
COMP26,2012,+,-,-,Shareholder Returns
COMP26,2013,+,-,-,Shareholder Returns
COMP26,2014,+,-,-,Shareholder Returns
COMP26,2015,+,-,-,Shareholder Returns
COMP26,2016,+,-,-,Shareholder Returns
COMP26,2017,+,-,-,Shareholder Returns
COMP26,2018,+,-,-,Shareholder Returns
COMP26,2019,+,-,-,Shareholder Returns
COMP26,2020,+,-,-,Shareholder Returns
COMP26,2021,+,-,-,Shareholder Returns
COMP26,2022,+,-,-,Shareholder Returns
COMP26,2023,+,-,-,Shareholder Returns
COMP27,2010,+,-,-,Shareholder Returns
COMP27,2011,+,-,-,Shareholder Returns
COMP27,2012,+,-,-,Shareholder Returns
COMP27,2013,+,-,-,Shareholder Returns
COMP27,2014,+,-,-,Shareholder Returns
COMP27,2015,+,-,-,Shareholder Returns
COMP27,2016,+,-,-,Shareholder Returns
COMP27,2017,+,-,-,Shareholder Returns
COMP27,2018,+,-,-,Shareholder Returns
COMP27,2019,+,-,-,Shareholder Returns
COMP27,2020,+,-,-,Shareholder Returns
COMP27,2021,+,-,-,Shareholder Returns
COMP27,2022,+,-,-,Shareholder Returns
COMP27,2023,+,-,-,Shareholder Returns
COMP28,2010,+,-,-,Shareholder Returns
COMP28,2011,+,-,-,Shareholder Returns
COMP28,2012,+,-,-,Shareholder Returns
COMP28,2013,+,-,-,Shareholder Returns
COMP28,2014,+,-,-,Shareholder Returns
COMP28,2015,+,-,-,Shareholder Returns
COMP28,2016,+,-,-,Shareholder Returns
COMP28,2017,+,-,-,Shareholder Returns
COMP28,2018,+,-,-,Shareholder Returns
COMP28,2019,+,-,-,Shareholder Returns
COMP28,2020,+,-,-,Shareholder Returns
COMP28,2021,+,-,-,Shareholder Returns
COMP28,2022,+,-,-,Shareholder Returns
COMP28,2023,+,-,-,Shareholder Returns
COMP29,2010,+,-,-,Shareholder Returns
COMP29,2011,+,-,-,Shareholder Returns
COMP29,2012,+,-,-,Shareholder Returns
COMP29,2013,+,-,-,Shareholder Returns
COMP29,2014,+,-,-,Shareholder Returns
COMP29,2015,+,-,-,Shareholder Returns
COMP29,2016,+,-,-,Shareholder Returns
COMP29,2017,+,-,-,Shareholder Returns
COMP29,2018,+,-,-,Shareholder Returns
COMP29,2019,+,-,-,Shareholder Returns
COMP29,2020,+,-,-,Shareholder Returns
COMP29,2021,+,-,-,Shareholder Returns
COMP29,2022,+,-,-,Shareholder Returns
COMP29,2023,+,-,-,Shareholder Returns
COMP30,2010,+,-,-,Shareholder Returns
COMP30,2011,+,-,-,Shareholder Returns
COMP30,2012,+,-,-,Shareholder Returns
COMP30,2013,+,-,-,Shareholder Returns
COMP30,2014,+,-,-,Shareholder Returns
COMP30,2015,+,-,-,Shareholder Returns
COMP30,2016,+,-,-,Shareholder Returns
COMP30,2017,+,-,-,Shareholder Returns
COMP30,2018,+,-,-,Shareholder Returns
COMP30,2019,+,-,-,Shareholder Returns
COMP30,2020,+,-,-,Shareholder Returns
COMP30,2021,+,-,-,Shareholder Returns
COMP30,2022,+,-,-,Shareholder Returns
COMP30,2023,+,-,-,Shareholder Returns
COMP31,2010,+,-,-,Shareholder Returns
COMP31,2011,+,-,-,Shareholder Returns
COMP31,2012,+,-,-,Shareholder Returns
COMP31,2013,+,-,-,Shareholder Returns
COMP31,2014,+,-,-,Shareholder Returns
COMP31,2015,+,-,-,Shareholder Returns
COMP31,2016,+,-,-,Shareholder Returns
COMP31,2017,+,-,-,Shareholder Returns
COMP31,2018,+,-,-,Shareholder Returns
COMP31,2019,+,-,-,Shareholder Returns
COMP31,2020,+,-,-,Shareholder Returns
COMP31,2021,+,-,-,Shareholder Returns
COMP31,2022,+,-,-,Shareholder Returns
COMP31,2023,+,-,-,Shareholder Returns
COMP32,2010,+,-,-,Shareholder Returns
COMP32,2011,+,-,-,Shareholder Returns
COMP32,2012,+,-,-,Shareholder Returns
COMP32,2013,+,-,-,Shareholder Returns
COMP32,2014,+,-,-,Shareholder Returns
COMP32,2015,+,-,-,Shareholder Returns
COMP32,2016,+,-,-,Shareholder Returns
COMP32,2017,+,-,-,Shareholder Returns
COMP32,2018,+,-,-,Shareholder Returns
COMP32,2019,+,-,-,Shareholder Returns
COMP32,2020,+,-,-,Shareholder Returns
COMP32,2021,+,-,-,Shareholder Returns
COMP32,2022,+,-,-,Shareholder Returns
COMP32,2023,+,-,-,Shareholder Returns
COMP33,2010,+,-,-,Shareholder Returns
COMP33,2011,+,-,-,Shareholder Returns
COMP33,2012,+,-,-,Shareholder Returns
COMP33,2013,+,-,-,Shareholder Returns
COMP33,2014,+,-,-,Shareholder Returns
COMP33,2015,+,-,-,Shareholder Returns
COMP33,2016,+,-,-,Shareholder Returns
COMP33,2017,+,-,-,Shareholder Returns
COMP33,2018,+,-,-,Shareholder Returns
COMP33,2019,+,-,-,Shareholder Returns
COMP33,2020,+,-,-,Shareholder Returns
COMP33,2021,+,-,-,Shareholder Returns
COMP33,2022,+,-,-,Shareholder Returns
COMP33,2023,+,-,-,Shareholder Returns
COMP34,2010,+,-,-,Shareholder Returns
COMP34,2011,+,-,-,Shareholder Returns
COMP34,2012,+,-,-,Shareholder Returns
COMP34,2013,+,-,-,Shareholder Returns
COMP34,2014,+,-,-,Shareholder Returns
COMP34,2015,+,-,-,Shareholder Returns
COMP34,2016,+,-,-,Shareholder Returns
COMP34,2017,+,-,-,Shareholder Returns
COMP34,2018,+,-,-,Shareholder Returns
COMP34,2019,+,-,-,Shareholder Returns
COMP34,2020,+,-,-,Shareholder Returns
COMP34,2021,+,-,-,Shareholder Returns
COMP34,2022,+,-,-,Shareholder Returns
COMP34,2023,+,-,-,Shareholder Returns
COMP35,2010,+,-,-,Shareholder Returns
COMP35,2011,+,-,-,Shareholder Returns
COMP35,2012,+,-,-,Shareholder Returns
COMP35,2013,+,-,-,Shareholder Returns
COMP35,2014,+,-,-,Shareholder Returns
COMP35,2015,+,-,-,Shareholder Returns
COMP35,2016,+,-,-,Shareholder Returns
COMP35,2017,+,-,-,Shareholder Returns
COMP35,2018,+,-,-,Shareholder Returns
COMP35,2019,+,-,-,Shareholder Returns
COMP35,2020,+,-,-,Shareholder Returns
COMP35,2021,+,-,-,Shareholder Returns
COMP35,2022,+,-,-,Shareholder Returns
COMP35,2023,+,-,-,Shareholder Returns
COMP36,2010,+,-,-,Shareholder Returns
COMP36,2011,+,-,-,Shareholder Returns
COMP36,2012,+,-,-,Shareholder Returns
COMP36,2013,+,-,-,Shareholder Returns
COMP36,2014,+,-,-,Shareholder Returns
COMP36,2015,+,-,-,Shareholder Returns
COMP36,2016,+,-,-,Shareholder Returns
COMP36,2017,+,-,-,Shareholder Returns
COMP36,2018,+,-,-,Shareholder Returns
COMP36,2019,+,-,-,Shareholder Returns
COMP36,2020,+,-,-,Shareholder Returns
COMP36,2021,+,-,-,Shareholder Returns
COMP36,2022,+,-,-,Shareholder Returns
COMP36,2023,+,-,-,Shareholder Returns
COMP37,2010,+,-,-,Shareholder Returns
COMP37,2011,+,-,-,Shareholder Returns
COMP37,2012,+,-,-,Shareholder Returns
COMP37,2013,+,-,-,Shareholder Returns
COMP37,2014,+,-,-,Shareholder Returns
COMP37,2015,+,-,-,Shareholder Returns
COMP37,2016,+,-,-,Shareholder Returns
COMP37,2017,+,-,-,Shareholder Returns
COMP37,2018,+,-,-,Shareholder Returns
COMP37,2019,+,-,-,Shareholder Returns
COMP37,2020,+,-,-,Shareholder Returns
COMP37,2021,+,-,-,Shareholder Returns
COMP37,2022,+,-,-,Shareholder Returns
COMP37,2023,+,-,-,Shareholder Returns
COMP38,2010,+,-,-,Shareholder Returns
COMP38,2011,+,-,-,Shareholder Returns
COMP38,2012,+,-,-,Shareholder Returns
COMP38,2013,+,-,-,Shareholder Returns
COMP38,2014,+,-,-,Shareholder Returns
COMP38,2015,+,-,-,Shareholder Returns
COMP38,2016,+,-,-,Shareholder Returns
COMP38,2017,+,-,-,Shareholder Returns
COMP38,2018,+,-,-,Shareholder Returns
COMP38,2019,+,-,-,Shareholder Returns
COMP38,2020,+,-,-,Shareholder Returns
COMP38,2021,+,-,-,Shareholder Returns
COMP38,2022,+,-,-,Shareholder Returns
COMP38,2023,+,-,-,Shareholder Returns
COMP39,2010,+,-,-,Shareholder Returns
COMP39,2011,+,-,-,Shareholder Returns
COMP39,2012,+,-,-,Shareholder Returns
COMP39,2013,+,-,-,Shareholder Returns
COMP39,2014,+,-,-,Shareholder Returns
COMP39,2015,+,-,-,Shareholder Returns
COMP39,2016,+,-,-,Shareholder Returns
COMP39,2017,+,-,-,Shareholder Returns
COMP39,2018,+,-,-,Shareholder Returns
COMP39,2019,+,-,-,Shareholder Returns
COMP39,2020,+,-,-,Shareholder Returns
COMP39,2021,+,-,-,Shareholder Returns
COMP39,2022,+,-,-,Shareholder Returns
COMP39,2023,+,-,-,Shareholder Returns
COMP40,2010,+,-,-,Shareholder Returns
COMP40,2011,+,-,-,Shareholder Returns
COMP40,2012,+,-,-,Shareholder Returns
COMP40,2013,+,-,-,Shareholder Returns
COMP40,2014,+,-,-,Shareholder Returns
COMP40,2015,+,-,-,Shareholder Returns
COMP40,2016,+,-,-,Shareholder Returns
COMP40,2017,+,-,-,Shareholder Returns
COMP40,2018,+,-,-,Shareholder Returns
COMP40,2019,+,-,-,Shareholder Returns
COMP40,2020,+,-,-,Shareholder Returns
COMP40,2021,+,-,-,Shareholder Returns
COMP40,2022,+,-,-,Shareholder Returns
COMP40,2023,+,-,-,Shareholder Returns
COMP41,2010,+,-,-,Shareholder Returns
COMP41,2011,+,-,-,Shareholder Returns
COMP41,2012,+,-,-,Shareholder Returns
COMP41,2013,+,-,-,Shareholder Returns
COMP41,2014,+,-,-,Shareholder Returns
COMP41,2015,+,-,-,Shareholder Returns
COMP41,2016,+,-,-,Shareholder Returns
COMP41,2017,+,-,-,Shareholder Returns
COMP41,2018,+,-,-,Shareholder Returns
COMP41,2019,+,-,-,Shareholder Returns
COMP41,2020,+,-,-,Shareholder Returns
COMP41,2021,+,-,-,Shareholder Returns
COMP41,2022,+,-,-,Shareholder Returns
COMP41,2023,+,-,-,Shareholder Returns
COMP42,2010,+,-,-,Shareholder Returns
COMP42,2011,+,-,-,Shareholder Returns
COMP42,2012,+,-,-,Shareholder Returns
COMP42,2013,+,-,-,Shareholder Returns
COMP42,2014,+,-,-,Shareholder Returns
COMP42,2015,+,-,-,Shareholder Returns
COMP42,2016,+,-,-,Shareholder Returns
COMP42,2017,+,-,-,Shareholder Returns
COMP42,2018,+,-,-,Shareholder Returns
COMP42,2019,+,-,-,Shareholder Returns
COMP42,2020,+,-,-,Shareholder Returns
COMP42,2021,+,-,-,Shareholder Returns
COMP42,2022,+,-,-,Shareholder Returns
COMP42,2023,+,-,-,Shareholder Returns
COMP43,2010,+,-,-,Shareholder Returns
COMP43,2011,+,-,-,Shareholder Returns
COMP43,2012,+,-,-,Shareholder Returns
COMP43,2013,+,-,-,Shareholder Returns
COMP43,2014,+,-,-,Shareholder Returns
COMP43,2015,+,-,-,Shareholder Returns
COMP43,2016,+,-,-,Shareholder Returns
COMP43,2017,+,-,-,Shareholder Returns
COMP43,2018,+,-,-,Shareholder Returns
COMP43,2019,+,-,-,Shareholder Returns
COMP43,2020,+,-,-,Shareholder Returns
COMP43,2021,+,-,-,Shareholder Returns
COMP43,2022,+,-,-,Shareholder Returns
COMP43,2023,+,-,-,Shareholder Returns
COMP44,2010,+,-,-,Shareholder Returns
COMP44,2011,+,-,-,Shareholder Returns
COMP44,2012,+,-,-,Shareholder Returns
COMP44,2013,+,-,-,Shareholder Returns
COMP44,2014,+,-,-,Shareholder Returns
COMP44,2015,+,-,-,Shareholder Returns
COMP44,2016,+,-,-,Shareholder Returns
COMP44,2017,+,-,-,Shareholder Returns
COMP44,2018,+,-,-,Shareholder Returns
COMP44,2019,+,-,-,Shareholder Returns
COMP44,2020,+,-,-,Shareholder Returns
COMP44,2021,+,-,-,Shareholder Returns
COMP44,2022,+,-,-,Shareholder Returns
COMP44,2023,+,-,-,Shareholder Returns
COMP45,2010,+,-,+,Mixed
COMP45,2011,+,-,+,Mixed
COMP45,2012,+,-,-,Shareholder Returns
COMP45,2013,+,-,-,Shareholder Returns
COMP45,2014,+,-,-,Shareholder Returns
COMP45,2015,+,-,-,Shareholder Returns
COMP45,2016,+,-,-,Shareholder Returns
COMP45,2017,+,-,-,Shareholder Returns
COMP45,2018,+,-,-,Shareholder Returns
COMP45,2019,+,-,-,Shareholder Returns
COMP45,2020,+,-,-,Shareholder Returns
COMP45,2021,+,-,-,Shareholder Returns
COMP45,2022,+,-,-,Shareholder Returns
COMP45,2023,+,-,-,Shareholder Returns
COMP46,2010,+,-,-,Shareholder Returns
COMP46,2011,+,-,-,Shareholder Returns
COMP46,2012,+,-,-,Shareholder Returns
COMP46,2013,+,-,-,Shareholder Returns
COMP46,2014,+,-,-,Shareholder Returns
COMP46,2015,+,-,-,Shareholder Returns
COMP46,2016,+,-,-,Shareholder Returns
COMP46,2017,+,-,-,Shareholder Returns
COMP46,2018,+,-,-,Shareholder Returns
COMP46,2019,+,-,-,Shareholder Returns
COMP46,2020,+,-,-,Shareholder Returns
COMP46,2021,+,-,-,Shareholder Returns
COMP46,2022,+,-,-,Shareholder Returns
COMP46,2023,+,-,-,Shareholder Returns
COMP47,2010,+,-,-,Shareholder Returns
COMP47,2011,+,-,-,Shareholder Returns
COMP47,2012,+,-,-,Shareholder Returns
COMP47,2013,+,-,-,Shareholder Returns
COMP47,2014,+,-,-,Shareholder Returns
COMP47,2015,+,-,-,Shareholder Returns
COMP47,2016,+,-,-,Shareholder Returns
COMP47,2017,+,-,-,Shareholder Returns
COMP47,2018,+,-,-,Shareholder Returns
COMP47,2019,+,-,-,Shareholder Returns
COMP47,2020,+,-,-,Shareholder Returns
COMP47,2021,+,-,-,Shareholder Returns
COMP47,2022,+,-,-,Shareholder Returns
COMP47,2023,+,-,-,Shareholder Returns
COMP48,2010,+,-,-,Shareholder Returns
COMP48,2011,+,-,-,Shareholder Returns
COMP48,2012,+,-,-,Shareholder Returns
COMP48,2013,+,-,-,Shareholder Returns
COMP48,2014,+,-,-,Shareholder Returns
COMP48,2015,+,-,-,Shareholder Returns
COMP48,2016,+,-,-,Shareholder Returns
COMP48,2017,+,-,-,Shareholder Returns
COMP48,2018,+,-,-,Shareholder Returns
COMP48,2019,+,-,-,Shareholder Returns
COMP48,2020,+,-,-,Shareholder Returns
COMP48,2021,+,-,-,Shareholder Returns
COMP48,2022,+,-,-,Shareholder Returns
COMP48,2023,+,-,-,Shareholder Returns
COMP49,2010,+,-,+,Mixed
COMP49,2011,+,-,+,Mixed
COMP49,2012,+,-,-,Shareholder Returns
COMP49,2013,+,-,-,Shareholder Returns
COMP49,2014,+,-,-,Shareholder Returns
COMP49,2015,+,-,-,Shareholder Returns
COMP49,2016,+,-,-,Shareholder Returns
COMP49,2017,+,-,-,Shareholder Returns
COMP49,2018,+,-,-,Shareholder Returns
COMP49,2019,+,-,-,Shareholder Returns
COMP49,2020,+,-,-,Shareholder Returns
COMP49,2021,+,-,-,Shareholder Returns
COMP49,2022,+,-,-,Shareholder Returns
COMP49,2023,+,-,-,Shareholder Returns
COMP50,2010,+,-,-,Shareholder Returns
COMP50,2011,+,-,-,Shareholder Returns
COMP50,2012,+,-,-,Shareholder Returns
COMP50,2013,+,-,-,Shareholder Returns
COMP50,2014,+,-,-,Shareholder Returns
COMP50,2015,+,-,-,Shareholder Returns
COMP50,2016,+,-,-,Shareholder Returns
COMP50,2017,+,-,-,Shareholder Returns
COMP50,2018,+,-,-,Shareholder Returns
COMP50,2019,+,-,-,Shareholder Returns
COMP50,2020,+,-,-,Shareholder Returns
COMP50,2021,+,-,-,Shareholder Returns
COMP50,2022,+,-,-,Shareholder Returns
COMP50,2023,+,-,-,Shareholder Returns
COMP51,2010,+,-,-,Shareholder Returns
COMP51,2011,+,-,-,Shareholder Returns
COMP51,2012,+,-,-,Shareholder Returns
COMP51,2013,+,-,-,Shareholder Returns
COMP51,2014,+,-,-,Shareholder Returns
COMP51,2015,+,-,-,Shareholder Returns
COMP51,2016,+,-,-,Shareholder Returns
COMP51,2017,+,-,-,Shareholder Returns
COMP51,2018,+,-,-,Shareholder Returns
COMP51,2019,+,-,-,Shareholder Returns
COMP51,2020,+,-,-,Shareholder Returns
COMP51,2021,+,-,-,Shareholder Returns
COMP51,2022,+,-,-,Shareholder Returns
COMP51,2023,+,-,-,Shareholder Returns
COMP52,2010,+,-,-,Shareholder Returns
COMP52,2011,+,-,-,Shareholder Returns
COMP52,2012,+,-,-,Shareholder Returns
COMP52,2013,+,-,-,Shareholder Returns
COMP52,2014,+,-,-,Shareholder Returns
COMP52,2015,+,-,-,Shareholder Returns
COMP52,2016,+,-,-,Shareholder Returns
COMP52,2017,+,-,-,Shareholder Returns
COMP52,2018,+,-,-,Shareholder Returns
COMP52,2019,+,-,-,Shareholder Returns
COMP52,2020,+,-,-,Shareholder Returns
COMP52,2021,+,-,-,Shareholder Returns
COMP52,2022,+,-,-,Shareholder Returns
COMP52,2023,+,-,-,Shareholder Returns
COMP53,2010,+,-,+,Mixed
COMP53,2011,+,-,+,Mixed
COMP53,2012,+,-,+,Mixed
COMP53,2013,+,-,-,Shareholder Returns
COMP53,2014,+,-,-,Shareholder Returns
COMP53,2015,+,-,-,Shareholder Returns
COMP53,2016,+,-,-,Shareholder Returns
COMP53,2017,+,-,-,Shareholder Returns
COMP53,2018,+,-,-,Shareholder Returns
COMP53,2019,+,-,-,Shareholder Returns
COMP53,2020,+,-,-,Shareholder Returns
COMP53,2021,+,-,-,Shareholder Returns
COMP53,2022,+,-,-,Shareholder Returns
COMP53,2023,+,-,-,Shareholder Returns
COMP54,2010,+,-,-,Shareholder Returns
COMP54,2011,+,-,-,Shareholder Returns
COMP54,2012,+,-,-,Shareholder Returns
COMP54,2013,+,-,-,Shareholder Returns
COMP54,2014,+,-,-,Shareholder Returns
COMP54,2015,+,-,-,Shareholder Returns
COMP54,2016,+,-,-,Shareholder Returns
COMP54,2017,+,-,-,Shareholder Returns
COMP54,2018,+,-,-,Shareholder Returns
COMP54,2019,+,-,-,Shareholder Returns
COMP54,2020,+,-,-,Shareholder Returns
COMP54,2021,+,-,-,Shareholder Returns
COMP54,2022,+,-,-,Shareholder Returns
COMP54,2023,+,-,-,Shareholder Returns
COMP55,2010,+,-,-,Shareholder Returns
COMP55,2011,+,-,-,Shareholder Returns
COMP55,2012,+,-,-,Shareholder Returns
COMP55,2013,+,-,-,Shareholder Returns
COMP55,2014,+,-,-,Shareholder Returns
COMP55,2015,+,-,-,Shareholder Returns
COMP55,2016,+,-,-,Shareholder Returns
COMP55,2017,+,-,-,Shareholder Returns
COMP55,2018,+,-,-,Shareholder Returns
COMP55,2019,+,-,-,Shareholder Returns
COMP55,2020,+,-,-,Shareholder Returns
COMP55,2021,+,-,-,Shareholder Returns
COMP55,2022,+,-,-,Shareholder Returns
COMP55,2023,+,-,-,Shareholder Returns
COMP56,2010,+,-,-,Shareholder Returns
COMP56,2011,+,-,-,Shareholder Returns
COMP56,2012,+,-,-,Shareholder Returns
COMP56,2013,+,-,-,Shareholder Returns
COMP56,2014,+,-,-,Shareholder Returns
COMP56,2015,+,-,-,Shareholder Returns
COMP56,2016,+,-,-,Shareholder Returns
COMP56,2017,+,-,-,Shareholder Returns
COMP56,2018,+,-,-,Shareholder Returns
COMP56,2019,+,-,-,Shareholder Returns
COMP56,2020,+,-,-,Shareholder Returns
COMP56,2021,+,-,-,Shareholder Returns
COMP56,2022,+,-,-,Shareholder Returns
COMP56,2023,+,-,-,Shareholder Returns
COMP57,2010,+,-,+,Mixed
COMP57,2011,+,-,+,Mixed
COMP57,2012,+,-,+,Mixed
COMP57,2013,+,-,+,Mixed
COMP57,2014,+,-,+,Mixed
COMP57,2015,+,-,-,Shareholder Returns
COMP57,2016,+,-,-,Shareholder Returns
COMP57,2017,+,-,-,Shareholder Returns
COMP57,2018,+,-,-,Shareholder Returns
COMP57,2019,+,-,-,Shareholder Returns
COMP57,2020,+,-,-,Shareholder Returns
COMP57,2021,+,-,-,Shareholder Returns
COMP57,2022,+,-,-,Shareholder Returns
COMP57,2023,+,-,-,Shareholder Returns
COMP58,2010,+,-,-,Shareholder Returns
COMP58,2011,+,-,-,Shareholder Returns
COMP58,2012,+,-,-,Shareholder Returns
COMP58,2013,+,-,-,Shareholder Returns
COMP58,2014,+,-,-,Shareholder Returns
COMP58,2015,+,-,-,Shareholder Returns
COMP58,2016,+,-,-,Shareholder Returns
COMP58,2017,+,-,-,Shareholder Returns
COMP58,2018,+,-,-,Shareholder Returns
COMP58,2019,+,-,-,Shareholder Returns
COMP58,2020,+,-,-,Shareholder Returns
COMP58,2021,+,-,-,Shareholder Returns
COMP58,2022,+,-,-,Shareholder Returns
COMP58,2023,+,-,-,Shareholder Returns
COMP59,2010,+,-,-,Shareholder Returns
COMP59,2011,+,-,-,Shareholder Returns
COMP59,2012,+,-,-,Shareholder Returns
COMP59,2013,+,-,-,Shareholder Returns
COMP59,2014,+,-,-,Shareholder Returns
COMP59,2015,+,-,-,Shareholder Returns
COMP59,2016,+,-,-,Shareholder Returns
COMP59,2017,+,-,-,Shareholder Returns
COMP59,2018,+,-,-,Shareholder Returns
COMP59,2019,+,-,-,Shareholder Returns
COMP59,2020,+,-,-,Shareholder Returns
COMP59,2021,+,-,-,Shareholder Returns
COMP59,2022,+,-,-,Shareholder Returns
COMP59,2023,+,-,-,Shareholder Returns
COMP60,2010,+,-,-,Shareholder Returns
COMP60,2011,+,-,-,Shareholder Returns
COMP60,2012,+,-,-,Shareholder Returns
COMP60,2013,+,-,-,Shareholder Returns
COMP60,2014,+,-,-,Shareholder Returns
COMP60,2015,+,-,-,Shareholder Returns
COMP60,2016,+,-,-,Shareholder Returns
COMP60,2017,+,-,-,Shareholder Returns
COMP60,2018,+,-,-,Shareholder Returns
COMP60,2019,+,-,-,Shareholder Returns
COMP60,2020,+,-,-,Shareholder Returns
COMP60,2021,+,-,-,Shareholder Returns
COMP60,2022,+,-,-,Shareholder Returns
COMP60,2023,+,-,-,Shareholder Returns
COMP61,2010,+,-,+,Mixed
COMP61,2011,+,-,+,Mixed
COMP61,2012,+,-,+,Mixed
COMP61,2013,+,-,+,Mixed
COMP61,2014,+,-,+,Mixed
COMP61,2015,+,-,+,Mixed
COMP61,2016,+,-,+,Mixed
COMP61,2017,+,-,+,Mixed
COMP61,2018,+,-,+,Mixed
COMP61,2019,+,-,+,Mixed
COMP61,2020,+,-,+,Mixed
COMP61,2021,+,-,+,Mixed
COMP61,2022,+,-,+,Mixed
COMP61,2023,+,-,-,Shareholder Returns
COMP62,2010,+,-,-,Shareholder Returns
COMP62,2011,+,-,-,Shareholder Returns
COMP62,2012,+,-,-,Shareholder Returns
COMP62,2013,+,-,-,Shareholder Returns
COMP62,2014,+,-,-,Shareholder Returns
COMP62,2015,+,-,-,Shareholder Returns
COMP62,2016,+,-,-,Shareholder Returns
COMP62,2017,+,-,-,Shareholder Returns
COMP62,2018,+,-,-,Shareholder Returns
COMP62,2019,+,-,-,Shareholder Returns
COMP62,2020,+,-,-,Shareholder Returns
COMP62,2021,+,-,-,Shareholder Returns
COMP62,2022,+,-,-,Shareholder Returns
COMP62,2023,+,-,-,Shareholder Returns
COMP63,2010,+,-,-,Shareholder Returns
COMP63,2011,+,-,-,Shareholder Returns
COMP63,2012,+,-,-,Shareholder Returns
COMP63,2013,+,-,-,Shareholder Returns
COMP63,2014,+,-,-,Shareholder Returns
COMP63,2015,+,-,-,Shareholder Returns
COMP63,2016,+,-,-,Shareholder Returns
COMP63,2017,+,-,-,Shareholder Returns
COMP63,2018,+,-,-,Shareholder Returns
COMP63,2019,+,-,-,Shareholder Returns
COMP63,2020,+,-,-,Shareholder Returns
COMP63,2021,+,-,-,Shareholder Returns
COMP63,2022,+,-,-,Shareholder Returns
COMP63,2023,+,-,-,Shareholder Returns
COMP64,2010,+,-,-,Shareholder Returns
COMP64,2011,+,-,-,Shareholder Returns
COMP64,2012,+,-,-,Shareholder Returns
COMP64,2013,+,-,-,Shareholder Returns
COMP64,2014,+,-,-,Shareholder Returns
COMP64,2015,+,-,-,Shareholder Returns
COMP64,2016,+,-,-,Shareholder Returns
COMP64,2017,+,-,-,Shareholder Returns
COMP64,2018,+,-,-,Shareholder Returns
COMP64,2019,+,-,-,Shareholder Returns
COMP64,2020,+,-,-,Shareholder Returns
COMP64,2021,+,-,-,Shareholder Returns
COMP64,2022,+,-,-,Shareholder Returns
COMP64,2023,+,-,-,Shareholder Returns
COMP65,2010,+,-,+,Mixed
COMP65,2011,+,-,+,Mixed
COMP65,2012,+,-,-,Shareholder Returns
COMP65,2013,+,-,-,Shareholder Returns
COMP65,2014,+,-,-,Shareholder Returns
COMP65,2015,+,-,-,Shareholder Returns
COMP65,2016,+,-,-,Shareholder Returns
COMP65,2017,+,-,-,Shareholder Returns
COMP65,2018,+,-,-,Shareholder Returns
COMP65,2019,+,-,-,Shareholder Returns
COMP65,2020,+,-,-,Shareholder Returns
COMP65,2021,+,-,-,Shareholder Returns
COMP65,2022,+,-,-,Shareholder Returns
COMP65,2023,+,-,-,Shareholder Returns
COMP66,2010,+,-,-,Shareholder Returns
COMP66,2011,+,-,-,Shareholder Returns
COMP66,2012,+,-,-,Shareholder Returns
COMP66,2013,+,-,-,Shareholder Returns
COMP66,2014,+,-,-,Shareholder Returns
COMP66,2015,+,-,-,Shareholder Returns
COMP66,2016,+,-,-,Shareholder Returns
COMP66,2017,+,-,-,Shareholder Returns
COMP66,2018,+,-,-,Shareholder Returns
COMP66,2019,+,-,-,Shareholder Returns
COMP66,2020,+,-,-,Shareholder Returns
COMP66,2021,+,-,-,Shareholder Returns
COMP66,2022,+,-,-,Shareholder Returns
COMP66,2023,+,-,-,Shareholder Returns
COMP67,2010,+,-,-,Shareholder Returns
COMP67,2011,+,-,-,Shareholder Returns
COMP67,2012,+,-,-,Shareholder Returns
COMP67,2013,+,-,-,Shareholder Returns
COMP67,2014,+,-,-,Shareholder Returns
COMP67,2015,+,-,-,Shareholder Returns
COMP67,2016,+,-,-,Shareholder Returns
COMP67,2017,+,-,-,Shareholder Returns
COMP67,2018,+,-,-,Shareholder Returns
COMP67,2019,+,-,-,Shareholder Returns
COMP67,2020,+,-,-,Shareholder Returns
COMP67,2021,+,-,-,Shareholder Returns
COMP67,2022,+,-,-,Shareholder Returns
COMP67,2023,+,-,-,Shareholder Returns
COMP68,2010,+,-,-,Shareholder Returns
COMP68,2011,+,-,-,Shareholder Returns
COMP68,2012,+,-,-,Shareholder Returns
COMP68,2013,+,-,-,Shareholder Returns
COMP68,2014,+,-,-,Shareholder Returns
COMP68,2015,+,-,-,Shareholder Returns
COMP68,2016,+,-,-,Shareholder Returns
COMP68,2017,+,-,-,Shareholder Returns
COMP68,2018,+,-,-,Shareholder Returns
COMP68,2019,+,-,-,Shareholder Returns
COMP68,2020,+,-,-,Shareholder Returns
COMP68,2021,+,-,-,Shareholder Returns
COMP68,2022,+,-,-,Shareholder Returns
COMP68,2023,+,-,-,Shareholder Returns
COMP69,2010,+,-,+,Mixed
COMP69,2011,+,-,+,Mixed
COMP69,2012,+,-,-,Shareholder Returns
COMP69,2013,+,-,-,Shareholder Returns
COMP69,2014,+,-,-,Shareholder Returns
COMP69,2015,+,-,-,Shareholder Returns
COMP69,2016,+,-,-,Shareholder Returns
COMP69,2017,+,-,-,Shareholder Returns
COMP69,2018,+,-,-,Shareholder Returns
COMP69,2019,+,-,-,Shareholder Returns
COMP69,2020,+,-,-,Shareholder Returns
COMP69,2021,+,-,-,Shareholder Returns
COMP69,2022,+,-,-,Shareholder Returns
COMP69,2023,+,-,-,Shareholder Returns
COMP70,2010,+,-,-,Shareholder Returns
COMP70,2011,+,-,-,Shareholder Returns
COMP70,2012,+,-,-,Shareholder Returns
COMP70,2013,+,-,-,Shareholder Returns
COMP70,2014,+,-,-,Shareholder Returns
COMP70,2015,+,-,-,Shareholder Returns
COMP70,2016,+,-,-,Shareholder Returns
COMP70,2017,+,-,-,Shareholder Returns
COMP70,2018,+,-,-,Shareholder Returns
COMP70,2019,+,-,-,Shareholder Returns
COMP70,2020,+,-,-,Shareholder Returns
COMP70,2021,+,-,-,Shareholder Returns
COMP70,2022,+,-,-,Shareholder Returns
COMP70,2023,+,-,-,Shareholder Returns
COMP71,2010,+,-,-,Shareholder Returns
COMP71,2011,+,-,-,Shareholder Returns
COMP71,2012,+,-,-,Shareholder Returns
COMP71,2013,+,-,-,Shareholder Returns
COMP71,2014,+,-,-,Shareholder Returns
COMP71,2015,+,-,-,Shareholder Returns
COMP71,2016,+,-,-,Shareholder Returns
COMP71,2017,+,-,-,Shareholder Returns
COMP71,2018,+,-,-,Shareholder Returns
COMP71,2019,+,-,-,Shareholder Returns
COMP71,2020,+,-,-,Shareholder Returns
COMP71,2021,+,-,-,Shareholder Returns
COMP71,2022,+,-,-,Shareholder Returns
COMP71,2023,+,-,-,Shareholder Returns
COMP72,2010,+,-,-,Shareholder Returns
COMP72,2011,+,-,-,Shareholder Returns
COMP72,2012,+,-,-,Shareholder Returns
COMP72,2013,+,-,-,Shareholder Returns
COMP72,2014,+,-,-,Shareholder Returns
COMP72,2015,+,-,-,Shareholder Returns
COMP72,2016,+,-,-,Shareholder Returns
COMP72,2017,+,-,-,Shareholder Returns
COMP72,2018,+,-,-,Shareholder Returns
COMP72,2019,+,-,-,Shareholder Returns
COMP72,2020,+,-,-,Shareholder Returns
COMP72,2021,+,-,-,Shareholder Returns
COMP72,2022,+,-,-,Shareholder Returns
COMP72,2023,+,-,-,Shareholder Returns
COMP73,2010,+,-,+,Mixed
COMP73,2011,+,-,+,Mixed
COMP73,2012,+,-,+,Mixed
COMP73,2013,+,-,-,Shareholder Returns
COMP73,2014,+,-,-,Shareholder Returns
COMP73,2015,+,-,-,Shareholder Returns
COMP73,2016,+,-,-,Shareholder Returns
COMP73,2017,+,-,-,Shareholder Returns
COMP73,2018,+,-,-,Shareholder Returns
COMP73,2019,+,-,-,Shareholder Returns
COMP73,2020,+,-,-,Shareholder Returns
COMP73,2021,+,-,-,Shareholder Returns
COMP73,2022,+,-,-,Shareholder Returns
COMP73,2023,+,-,-,Shareholder Returns
COMP74,2010,+,-,-,Shareholder Returns
COMP74,2011,+,-,-,Shareholder Returns
COMP74,2012,+,-,-,Shareholder Returns
COMP74,2013,+,-,-,Shareholder Returns
COMP74,2014,+,-,-,Shareholder Returns
COMP74,2015,+,-,-,Shareholder Returns
COMP74,2016,+,-,-,Shareholder Returns
COMP74,2017,+,-,-,Shareholder Returns
COMP74,2018,+,-,-,Shareholder Returns
COMP74,2019,+,-,-,Shareholder Returns
COMP74,2020,+,-,-,Shareholder Returns
COMP74,2021,+,-,-,Shareholder Returns
COMP74,2022,+,-,-,Shareholder Returns
COMP74,2023,+,-,-,Shareholder Returns
COMP75,2010,+,-,-,Shareholder Returns
COMP75,2011,+,-,-,Shareholder Returns
COMP75,2012,+,-,-,Shareholder Returns
COMP75,2013,+,-,-,Shareholder Returns
COMP75,2014,+,-,-,Shareholder Returns
COMP75,2015,+,-,-,Shareholder Returns
COMP75,2016,+,-,-,Shareholder Returns
COMP75,2017,+,-,-,Shareholder Returns
COMP75,2018,+,-,-,Shareholder Returns
COMP75,2019,+,-,-,Shareholder Returns
COMP75,2020,+,-,-,Shareholder Returns
COMP75,2021,+,-,-,Shareholder Returns
COMP75,2022,+,-,-,Shareholder Returns
COMP75,2023,+,-,-,Shareholder Returns
COMP76,2010,+,-,-,Shareholder Returns
COMP76,2011,+,-,-,Shareholder Returns
COMP76,2012,+,-,-,Shareholder Returns
COMP76,2013,+,-,-,Shareholder Returns
COMP76,2014,+,-,-,Shareholder Returns
COMP76,2015,+,-,-,Shareholder Returns
COMP76,2016,+,-,-,Shareholder Returns
COMP76,2017,+,-,-,Shareholder Returns
COMP76,2018,+,-,-,Shareholder Returns
COMP76,2019,+,-,-,Shareholder Returns
COMP76,2020,+,-,-,Shareholder Returns
COMP76,2021,+,-,-,Shareholder Returns
COMP76,2022,+,-,-,Shareholder Returns
COMP76,2023,+,-,-,Shareholder Returns
COMP77,2010,+,-,+,Mixed
COMP77,2011,+,-,+,Mixed
COMP77,2012,+,-,+,Mixed
COMP77,2013,+,-,+,Mixed
COMP77,2014,+,-,-,Shareholder Returns
COMP77,2015,+,-,-,Shareholder Returns
COMP77,2016,+,-,-,Shareholder Returns
COMP77,2017,+,-,-,Shareholder Returns
COMP77,2018,+,-,-,Shareholder Returns
COMP77,2019,+,-,-,Shareholder Returns
COMP77,2020,+,-,-,Shareholder Returns
COMP77,2021,+,-,-,Shareholder Returns
COMP77,2022,+,-,-,Shareholder Returns
COMP77,2023,+,-,-,Shareholder Returns
COMP78,2010,+,-,-,Shareholder Returns
COMP78,2011,+,-,-,Shareholder Returns
COMP78,2012,+,-,-,Shareholder Returns
COMP78,2013,+,-,-,Shareholder Returns
COMP78,2014,+,-,-,Shareholder Returns
COMP78,2015,+,-,-,Shareholder Returns
COMP78,2016,+,-,-,Shareholder Returns
COMP78,2017,+,-,-,Shareholder Returns
COMP78,2018,+,-,-,Shareholder Returns
COMP78,2019,+,-,-,Shareholder Returns
COMP78,2020,+,-,-,Shareholder Returns
COMP78,2021,+,-,-,Shareholder Returns
COMP78,2022,+,-,-,Shareholder Returns
COMP78,2023,+,-,-,Shareholder Returns
COMP79,2010,+,-,-,Shareholder Returns
COMP79,2011,+,-,-,Shareholder Returns
COMP79,2012,+,-,-,Shareholder Returns
COMP79,2013,+,-,-,Shareholder Returns
COMP79,2014,+,-,-,Shareholder Returns
COMP79,2015,+,-,-,Shareholder Returns
COMP79,2016,+,-,-,Shareholder Returns
COMP79,2017,+,-,-,Shareholder Returns
COMP79,2018,+,-,-,Shareholder Returns
COMP79,2019,+,-,-,Shareholder Returns
COMP79,2020,+,-,-,Shareholder Returns
COMP79,2021,+,-,-,Shareholder Returns
COMP79,2022,+,-,-,Shareholder Returns
COMP79,2023,+,-,-,Shareholder Returns
COMP80,2010,+,-,-,Shareholder Returns
COMP80,2011,+,-,-,Shareholder Returns
COMP80,2012,+,-,-,Shareholder Returns
COMP80,2013,+,-,-,Shareholder Returns
COMP80,2014,+,-,-,Shareholder Returns
COMP80,2015,+,-,-,Shareholder Returns
COMP80,2016,+,-,-,Shareholder Returns
COMP80,2017,+,-,-,Shareholder Returns
COMP80,2018,+,-,-,Shareholder Returns
COMP80,2019,+,-,-,Shareholder Returns
COMP80,2020,+,-,-,Shareholder Returns
COMP80,2021,+,-,-,Shareholder Returns
COMP80,2022,+,-,-,Shareholder Returns
COMP80,2023,+,-,-,Shareholder Returns
COMP81,2010,+,-,+,Mixed
COMP81,2011,+,-,+,Mixed
COMP81,2012,+,-,+,Mixed
COMP81,2013,+,-,+,Mixed
COMP81,2014,+,-,+,Mixed
COMP81,2015,+,-,+,Mixed
COMP81,2016,+,-,+,Mixed
COMP81,2017,+,-,+,Mixed
COMP81,2018,+,-,+,Mixed
COMP81,2019,+,-,+,Mixed
COMP81,2020,+,-,+,Mixed
COMP81,2021,+,-,+,Mixed
COMP81,2022,+,-,+,Mixed
COMP82,2010,+,-,-,Shareholder Returns
COMP82,2011,+,-,-,Shareholder Returns
COMP82,2012,+,-,-,Shareholder Returns
COMP82,2013,+,-,-,Shareholder Returns
COMP82,2014,+,-,-,Shareholder Returns
COMP82,2015,+,-,-,Shareholder Returns
COMP82,2016,+,-,-,Shareholder Returns
COMP82,2017,+,-,-,Shareholder Returns
COMP82,2018,+,-,-,Shareholder Returns
COMP82,2019,+,-,-,Shareholder Returns
COMP82,2020,+,-,-,Shareholder Returns
COMP82,2021,+,-,-,Shareholder Returns
COMP82,2022,+,-,-,Shareholder Returns
COMP83,2010,+,-,-,Shareholder Returns
COMP83,2011,+,-,-,Shareholder Returns
COMP83,2012,+,-,-,Shareholder Returns
COMP83,2013,+,-,-,Shareholder Returns
COMP83,2014,+,-,-,Shareholder Returns
COMP83,2015,+,-,-,Shareholder Returns
COMP83,2016,+,-,-,Shareholder Returns
COMP83,2017,+,-,-,Shareholder Returns
COMP83,2018,+,-,-,Shareholder Returns
COMP83,2019,+,-,-,Shareholder Returns
COMP83,2020,+,-,-,Shareholder Returns
COMP83,2021,+,-,-,Shareholder Returns
COMP83,2022,+,-,-,Shareholder Returns
COMP84,2010,+,-,-,Shareholder Returns
COMP84,2011,+,-,-,Shareholder Returns
COMP84,2012,+,-,-,Shareholder Returns
COMP84,2013,+,-,-,Shareholder Returns
COMP84,2014,+,-,-,Shareholder Returns
COMP84,2015,+,-,-,Shareholder Returns
COMP84,2016,+,-,-,Shareholder Returns
COMP84,2017,+,-,-,Shareholder Returns
COMP84,2018,+,-,-,Shareholder Returns
COMP84,2019,+,-,-,Shareholder Returns
COMP84,2020,+,-,-,Shareholder Returns
COMP84,2021,+,-,-,Shareholder Returns
COMP84,2022,+,-,-,Shareholder Returns
COMP85,2010,+,-,+,Mixed
COMP85,2011,+,-,+,Mixed
COMP85,2012,+,-,-,Shareholder Returns
COMP85,2013,+,-,-,Shareholder Returns
COMP85,2014,+,-,-,Shareholder Returns
COMP85,2015,+,-,-,Shareholder Returns
COMP85,2016,+,-,-,Shareholder Returns
COMP85,2017,+,-,-,Shareholder Returns
COMP85,2018,+,-,-,Shareholder Returns
COMP85,2019,+,-,-,Shareholder Returns
COMP85,2020,+,-,-,Shareholder Returns
COMP85,2021,+,-,-,Shareholder Returns
COMP85,2022,+,-,-,Shareholder Returns
COMP86,2010,+,-,-,Shareholder Returns
COMP86,2011,+,-,-,Shareholder Returns
COMP86,2012,+,-,-,Shareholder Returns
COMP86,2013,+,-,-,Shareholder Returns
COMP86,2014,+,-,-,Shareholder Returns
COMP86,2015,+,-,-,Shareholder Returns
COMP86,2016,+,-,-,Shareholder Returns
COMP86,2017,+,-,-,Shareholder Returns
COMP86,2018,+,-,-,Shareholder Returns
COMP86,2019,+,-,-,Shareholder Returns
COMP86,2020,+,-,-,Shareholder Returns
COMP86,2021,+,-,-,Shareholder Returns
COMP86,2022,+,-,-,Shareholder Returns
COMP87,2010,+,-,-,Shareholder Returns
COMP87,2011,+,-,-,Shareholder Returns
COMP87,2012,+,-,-,Shareholder Returns
COMP87,2013,+,-,-,Shareholder Returns
COMP87,2014,+,-,-,Shareholder Returns
COMP87,2015,+,-,-,Shareholder Returns
COMP87,2016,+,-,-,Shareholder Returns
COMP87,2017,+,-,-,Shareholder Returns
COMP87,2018,+,-,-,Shareholder Returns
COMP87,2019,+,-,-,Shareholder Returns
COMP87,2020,+,-,-,Shareholder Returns
COMP87,2021,+,-,-,Shareholder Returns
COMP87,2022,+,-,-,Shareholder Returns
COMP88,2010,+,-,-,Shareholder Returns
COMP88,2011,+,-,-,Shareholder Returns
COMP88,2012,+,-,-,Shareholder Returns
COMP88,2013,+,-,-,Shareholder Returns
COMP88,2014,+,-,-,Shareholder Returns
COMP88,2015,+,-,-,Shareholder Returns
COMP88,2016,+,-,-,Shareholder Returns
COMP88,2017,+,-,-,Shareholder Returns
COMP88,2018,+,-,-,Shareholder Returns
COMP88,2019,+,-,-,Shareholder Returns
COMP88,2020,+,-,-,Shareholder Returns
COMP88,2021,+,-,-,Shareholder Returns
COMP88,2022,+,-,-,Shareholder Returns
COMP89,2010,+,-,+,Mixed
COMP89,2011,+,-,+,Mixed
COMP89,2012,+,-,-,Shareholder Returns
COMP89,2013,+,-,-,Shareholder Returns
COMP89,2014,+,-,-,Shareholder Returns
COMP89,2015,+,-,-,Shareholder Returns
COMP89,2016,+,-,-,Shareholder Returns
COMP89,2017,+,-,-,Shareholder Returns
COMP89,2018,+,-,-,Shareholder Returns
COMP89,2019,+,-,-,Shareholder Returns
COMP89,2020,+,-,-,Shareholder Returns
COMP89,2021,+,-,-,Shareholder Returns
COMP89,2022,+,-,-,Shareholder Returns
COMP90,2010,+,-,-,Shareholder Returns
COMP90,2011,+,-,-,Shareholder Returns
COMP90,2012,+,-,-,Shareholder Returns
COMP90,2013,+,-,-,Shareholder Returns
COMP90,2014,+,-,-,Shareholder Returns
COMP90,2015,+,-,-,Shareholder Returns
COMP90,2016,+,-,-,Shareholder Returns
COMP90,2017,+,-,-,Shareholder Returns
COMP90,2018,+,-,-,Shareholder Returns
COMP90,2019,+,-,-,Shareholder Returns
COMP90,2020,+,-,-,Shareholder Returns
COMP90,2021,+,-,-,Shareholder Returns
COMP90,2022,+,-,-,Shareholder Returns
COMP91,2010,+,-,-,Shareholder Returns
COMP91,2011,+,-,-,Shareholder Returns
COMP91,2012,+,-,-,Shareholder Returns
COMP91,2013,+,-,-,Shareholder Returns
COMP91,2014,+,-,-,Shareholder Returns
COMP91,2015,+,-,-,Shareholder Returns
COMP91,2016,+,-,-,Shareholder Returns
COMP91,2017,+,-,-,Shareholder Returns
COMP91,2018,+,-,-,Shareholder Returns
COMP91,2019,+,-,-,Shareholder Returns
COMP91,2020,+,-,-,Shareholder Returns
COMP91,2021,+,-,-,Shareholder Returns
COMP91,2022,+,-,-,Shareholder Returns
COMP92,2010,+,-,-,Shareholder Returns
COMP92,2011,+,-,-,Shareholder Returns
COMP92,2012,+,-,-,Shareholder Returns
COMP92,2013,+,-,-,Shareholder Returns
COMP92,2014,+,-,-,Shareholder Returns
COMP92,2015,+,-,-,Shareholder Returns
COMP92,2016,+,-,-,Shareholder Returns
COMP92,2017,+,-,-,Shareholder Returns
COMP92,2018,+,-,-,Shareholder Returns
COMP92,2019,+,-,-,Shareholder Returns
COMP92,2020,+,-,-,Shareholder Returns
COMP92,2021,+,-,-,Shareholder Returns
COMP92,2022,+,-,-,Shareholder Returns
